{
  "professional": [
    {
      "id": "design",
      "name": "Design & Creative",
      "icon": "palette",
      "color": "#FF6B6B",
      "subcategories": ["Graphic Design", "UI/UX", "Branding", "Illustration"]
    },
    {
      "id": "cad-jewelry",
      "name": "CAD & Jewelry Design",
      "icon": "gem",
      "color": "#FFD93D",
      "subcategories": ["3D Modeling", "Jewelry CAD", "Product Design"]
    },
    {
      "id": "photography",
      "name": "Photography & Video",
      "icon": "camera",
      "color": "#6BCB77",
      "subcategories": ["Event Photography", "Videography", "Editing", "Drone"]
    },
    {
      "id": "marketing",
      "name": "Marketing & Sales",
      "icon": "megaphone",
      "color": "#4D96FF",
      "subcategories": ["Social Media", "SEO", "Content Marketing", "Copywriting"]
    },
    {
      "id": "software",
      "name": "Software Development",
      "icon": "code",
      "color": "#9D4EDD",
      "subcategories": ["Web Dev", "Mobile Apps", "Backend", "Database"]
    }
  ],
  "local": [
    {
      "id": "car-wash",
      "name": "Mobile Car Wash & Detailing",
      "icon": "car",
      "color": "#00B4D8",
      "subcategories": ["Exterior Wash", "Interior Detail", "Full Service", "Ceramic Coating"],
      "attributesSchema": [
        {"key":"vehicleTypes","label":"Vehicle Types","type":"multiselect","options":["Sedan","SUV","Truck","Van","Motorcycle"]},
        {"key":"serviceScope","label":"Service Scope","type":"select","options":["Exterior Only","Interior Only","Full Detail"]},
        {"key":"waterPower","label":"Do you provide water/power?","type":"boolean","helper":"If no, provider must supply."},
        {"key":"addons","label":"Popular Add-ons","type":"chips","options":["Engine Bay","Pet Hair Removal","Seat Shampoo","Ceramic Coat"]}
      ]
    },
    {
      "id": "childcare",
      "name": "Babysitting & Childcare",
      "icon": "baby",
      "color": "#FF6B9D",
      "subcategories": ["Babysitting", "Nanny", "After School Care"],
      "attributesSchema": [
        {"key":"childrenCount","label":"Number of Children","type":"number"},
        {"key":"ages","label":"Ages","type":"chips","options":["0-2","3-5","6-9","10-12","13+"]},
        {"key":"firstAid","label":"CPR/First Aid Certified","type":"boolean"},
        {"key":"specialNeeds","label":"Special Needs Experience","type":"boolean"}
      ]
    },
    {
      "id": "tutoring",
      "name": "Tutoring & Test Prep",
      "icon": "book",
      "color": "#06D6A0",
      "subcategories": ["Math", "English", "Science", "Test Prep", "Music Lessons"],
      "attributesSchema": [
        {"key":"subjects","label":"Subjects","type":"chips","options":["Math","English","Science","History","SAT/ACT","BGCSE","BJC"]},
        {"key":"level","label":"Level","type":"select","options":["Primary","Junior High","Senior High","College"]},
        {"key":"mode","label":"Mode","type":"select","options":["In-Person","Online","Hybrid"]}
      ]
    },
    {
      "id": "cleaning",
      "name": "Cleaning Services",
      "icon": "sparkles",
      "color": "#7209B7",
      "subcategories": ["House Cleaning", "Deep Clean", "Move Out", "Commercial"],
      "attributesSchema": [
        {"key":"spaceType","label":"Space Type","type":"select","options":["Home","Apartment","Office","Retail"]},
        {"key":"sqft","label":"Approx. Square Footage","type":"select","options":["<800","800-1500","1500-2500","2500+"]},
        {"key":"supplies","label":"Provider Brings Supplies","type":"boolean"},
        {"key":"deepClean","label":"Deep Clean Option","type":"boolean"}
      ]
    },
    {
      "id": "landscaping",
      "name": "Yard & Landscaping",
      "icon": "tree",
      "color": "#52B788",
      "subcategories": ["Lawn Care", "Garden Maintenance", "Tree Trimming", "Landscaping Design"],
      "attributesSchema": [
        {"key":"lotSize","label":"Lot Size","type":"select","options":["Small","Medium","Large","Acreage"]},
        {"key":"services","label":"Services","type":"chips","options":["Mowing","Edging","Hedge Trim","Tree Pruning","Haul Away"]}
      ]
    },
    {
      "id": "mechanic",
      "name": "Mechanic & Auto Repair",
      "icon": "wrench",
      "color": "#EF476F",
      "subcategories": ["General Repair", "Diagnostics", "Roadside Assistance"],
      "attributesSchema": [
        {"key":"serviceTypes","label":"Service Types","type":"chips","options":["General Repair","Diagnostics","Roadside Assistance"]},
        {"key":"certified","label":"Certified Mechanic","type":"boolean"}
      ]
    },
    {
      "id": "moving",
      "name": "Moving & Hauling",
      "icon": "truck",
      "color": "#118AB2",
      "subcategories": ["Residential Move", "Office Move", "Junk Removal"],
      "attributesSchema": [
        {"key":"moveTypes","label":"Move Types","type":"chips","options":["Residential","Office","Junk Removal"]},
        {"key":"truckSize","label":"Truck Size","type":"text"}
      ]
    },
    {
      "id": "real-estate",
      "name": "Real Estate Services",
      "icon": "home",
      "color": "#073B4C",
      "subcategories": ["Sales", "Rentals", "Property Management"],
      "attributesSchema": [
        {"key":"serviceScope","label":"Service Scope","type":"chips","options":["Sales","Rentals","Property Management"]},
        {"key":"licensed","label":"Licensed Agent","type":"boolean"}
      ]
    },
    {
      "id": "handyman",
      "name": "Handyman Services",
      "icon": "tool",
      "color": "#F77F00",
      "subcategories": ["General Repairs", "Assembly", "Installation", "Maintenance"]
    },
    {
      "id": "beauty",
      "name": "Hair & Beauty",
      "icon": "scissors",
      "color": "#E63946",
      "subcategories": ["Haircut", "Styling", "Braiding", "Makeup", "Nails"]
    },
    {
      "id": "catering",
      "name": "Catering & Private Chef",
      "icon": "chef",
      "color": "#FB8500",
      "subcategories": ["Private Chef", "Event Catering", "Meal Prep", "Baking"]
    }
  ]
}
